BW: Transaction Key;Reason for Mvt.;Order Type;Technical Movement/r;Movement Area;Sort Area Movement;Sort Area Movement;Material Movement -;Movement Reason Desc;Sort area industrial;IPM Movement Nature;Consum. w/o order
000;0000;;;;;;;;;;
000;0000;;453;DISPONIBLE;1;190;INTRASITE;;220;CATEGORY_CHANGE;
000;0000;;454;DISPONIBLE;1;190;INTRASITE;;220;CATEGORY_CHANGE;
000;0000;;458;DISPONIBLE;1;190;INTRASITE;;220;CATEGORY_CHANGE;
000;0000;;459;DISPONIBLE;1;190;INTRASITE;;220;CATEGORY_CHANGE;
000;0000;;460;DISPONIBLE;1;190;INTRASITE;;220;CATEGORY_CHANGE;
000;0000;;501;DISPONIBLE;1;112;ACHAT;;900;ZTEC;
000;0000;;502;DISPONIBLE;1;112;ACHAT;;900;ZTEC;
000;0000;;531;DISPONIBLE;1;113;RECEPTION;;900;ZTEC;
000;0000;;532;DISPONIBLE;1;113;RECEPTION;;900;ZTEC;
000;0000;;653;DISPONIBLE;1;220;VENTE;;520;RETURN_DELIVERY;
000;0000;;654;DISPONIBLE;1;220;VENTE;;520;RETURN_DELIVERY;
000;0000;;673;DISPONIBLE;1;220;VENTE;;520;RETURN_DELIVERY;
000;0000;;674;DISPONIBLE;1;220;VENTE;;520;RETURN_DELIVERY;
000;0000;;687;UTILISATION;2;401;VENTE;;510;BRUT_DELIVERY;
000;0000;;953;DISPONIBLE;1;225;VENTE;;250;STOCK_LOSS;
000;0000;5761;501;DISPONIBLE;1;350;VENTE;;510;BRUT_DELIVERY;
000;0000;5761;502;DISPONIBLE;1;350;VENTE;;510;BRUT_DELIVERY;
000;0000;5763;501;DISPONIBLE;1;360;ACHAT;;900;ZTEC;
000;0000;5763;502;DISPONIBLE;1;360;ACHAT;;900;ZTEC;
000;0000;CDR;0;DISPONIBLE;1;185;INTERSITE;;;;
000;0000;CQZR;0;UTILISATION;2;240;VENTE;;;;
000;0000;DUA;101;DISPONIBLE;1;115;ACHAT;;300;EXTERNAL_PURCH;
000;0000;DUA;102;DISPONIBLE;1;115;ACHAT;;900;ZTEC;
000;0000;DUV;601;UTILISATION;2;215;VENTE;;510;BRUT_DELIVERY;
000;0000;DUV;602;UTILISATION;2;215;VENTE;;510;BRUT_DELIVERY;
000;0000;DUV;653;DISPONIBLE;1;220;VENTE;;520;RETURN_DELIVERY;
000;0000;DUV;654;DISPONIBLE;1;220;VENTE;;520;RETURN_DELIVERY;
000;0000;EDTI;641;DISPONIBLE;1;180;INTERSITE;;220;CATEGORY_CHANGE;
000;0000;EDTI;642;DISPONIBLE;1;180;INTERSITE;;220;CATEGORY_CHANGE;
000;0000;ESFI;0;UTILISATION;2;540;INVENTAIRE;;;;
000;0000;PSI;0;UTILISATION;2;530;INVENTAIRE;;;;
000;0000;SDTI;101;UTILISATION;2;180;INTERSITE;;220;CATEGORY_CHANGE;
000;0000;SDTI;102;UTILISATION;2;180;INTERSITE;;220;CATEGORY_CHANGE;
000;0000;SF;0;UTILISATION;2;520;INVENTAIRE;;650;INVENTORY;
000;0000;SI;0;DISPONIBLE;1;100;INVENTAIRE;;100;INIT_STK;
000;0000;TIE;101;DISPONIBLE;1;180;INTERSITE;;220;CATEGORY_CHANGE;
000;0000;TIE;102;DISPONIBLE;1;180;INTERSITE;;220;CATEGORY_CHANGE;
000;0000;TIS;641;UTILISATION;2;180;INTERSITE;;220;CATEGORY_CHANGE;
000;0000;TIS;642;UTILISATION;2;180;INTERSITE;;220;CATEGORY_CHANGE;
000;0000;ZP01;101;DISPONIBLE;1;301;PRODUCTION;;900;ZTEC;
000;0000;ZP01;102;DISPONIBLE;1;301;PRODUCTION;;900;ZTEC;
000;0000;ZP05;101;DISPONIBLE;1;301;PRODUCTION;;210;GROSS_PROD;
000;0000;ZP05;102;DISPONIBLE;1;301;PRODUCTION;;210;GROSS_PROD;
000;0000;ZP10;101;DISPONIBLE;1;301;PRODUCTION;;210;GROSS_PROD;
000;0000;ZP10;102;DISPONIBLE;1;301;PRODUCTION;;210;GROSS_PROD;
000;0000;ZP15;101;DISPONIBLE;1;301;PRODUCTION;;900;ZTEC;
000;0000;ZP15;102;DISPONIBLE;1;301;PRODUCTION;;900;ZTEC;
000;0000;ZP20;101;DISPONIBLE;1;301;PRODUCTION;;210;GROSS_PROD;
000;0000;ZP20;102;DISPONIBLE;1;301;PRODUCTION;;210;GROSS_PROD;
000;0000;ZP25;101;DISPONIBLE;1;301;PRODUCTION;;900;ZTEC;
000;0000;ZP25;102;DISPONIBLE;1;301;PRODUCTION;;900;ZTEC;
000;0000;ZP30;101;DISPONIBLE;1;301;PRODUCTION;;900;ZTEC;
000;0000;ZP30;102;DISPONIBLE;1;301;PRODUCTION;;900;ZTEC;
000;0000;ZP31;101;DISPONIBLE;1;301;PRODUCTION;;900;ZTEC;
000;0000;ZP31;102;DISPONIBLE;1;301;PRODUCTION;;900;ZTEC;
000;0000;ZP35;101;DISPONIBLE;1;301;PRODUCTION;;900;ZTEC;
000;0000;ZP35;102;DISPONIBLE;1;301;PRODUCTION;;900;ZTEC;
000;0000;ZP36;101;DISPONIBLE;1;301;PRODUCTION;;220;CATEGORY_CHANGE;
000;0000;ZP36;102;DISPONIBLE;1;301;PRODUCTION;;220;CATEGORY_CHANGE;
000;0000;ZP40;101;DISPONIBLE;1;301;PRODUCTION;;220;CATEGORY_CHANGE;
000;0000;ZP40;102;DISPONIBLE;1;301;PRODUCTION;;220;CATEGORY_CHANGE;
000;0000;ZP45;101;DISPONIBLE;1;301;PRODUCTION;;900;ZTEC;
000;0000;ZP45;102;DISPONIBLE;1;301;PRODUCTION;;900;ZTEC;
000;0000;ZP50;101;DISPONIBLE;1;301;PRODUCTION;;900;ZTEC;
000;0000;ZP50;102;DISPONIBLE;1;301;PRODUCTION;;900;ZTEC;
000;0000;ZP55;101;DISPONIBLE;1;300;COPACKING;;900;ZTEC;
000;0000;ZP55;102;DISPONIBLE;1;300;COPACKING;;900;ZTEC;
000;0000;ZP99;101;DISPONIBLE;1;301;PRODUCTION;;210;GROSS_PROD;
000;0000;ZP99;102;DISPONIBLE;1;301;PRODUCTION;;210;GROSS_PROD;
000;0000;ZTIS;641;UTILISATION;2;180;VENTE;;510;BRUT_DELIVERY;
000;0000;ZTIS;642;UTILISATION;2;180;VENTE;;510;BRUT_DELIVERY;
000;0001;IPMG;0;DISPONIBLE;1;;PRODUCTION;;210;GROSS_PROD;
000;0001;IPML;0;UTILISATION;2;;PRODUCTION;;240;LINE_LOSS;
000;0002;IPMG;0;DISPONIBLE;1;;PRODUCTION;;210;GROSS_PROD;
000;0002;IPMS;0;UTILISATION;2;;PRODUCTION;;230;LAB_SAMP;
001;0000;;101;DISPONIBLE;1;110;ACHAT;;300;EXTERNAL_PURCH;
001;0000;;102;DISPONIBLE;1;110;ACHAT;;300;EXTERNAL_PURCH;
001;0000;;501;DISPONIBLE;1;112;ACHAT;;900;ZTEC;
001;0000;;502;DISPONIBLE;1;112;ACHAT;;900;ZTEC;
001;0000;;531;DISPONIBLE;1;113;RECEPTION;;900;ZTEC;
001;0000;;532;DISPONIBLE;1;113;RECEPTION;;900;ZTEC;
001;0000;;541;DISPONIBLE;1;420;SOUS-TRAITANCE;;900;ZTEC;
001;0000;;542;DISPONIBLE;1;420;SOUS-TRAITANCE;;900;ZTEC;
001;0000;5761;501;DISPONIBLE;1;350;VENTE;;510;BRUT_DELIVERY;
001;0000;5761;502;DISPONIBLE;1;350;VENTE;;510;BRUT_DELIVERY;
001;0000;5763;501;DISPONIBLE;1;360;ACHAT;;900;ZTEC;
001;0000;5763;502;DISPONIBLE;1;360;ACHAT;;900;ZTEC;
001;0000;DEST;541;DISPONIBLE;1;400;DESTRUCTION;;220;CATEGORY_CHANGE;
001;0000;DEST;542;DISPONIBLE;1;400;DESTRUCTION;;220;CATEGORY_CHANGE;
001;9007;;101;DISPONIBLE;1;111;ACHAT;;300;EXTERNAL_PURCH;
001;9007;;102;DISPONIBLE;1;111;ACHAT;;300;EXTERNAL_PURCH;
004;0000;;309;DISPONIBLE;1;190;INTRASITE;;220;CATEGORY_CHANGE;
004;0000;;310;DISPONIBLE;1;190;INTRASITE;;220;CATEGORY_CHANGE;
005;0000;;701;DISPONIBLE;1;500;INVENTAIRE;;600;STK_DISCREPANCY;X
005;0000;;712;DISPONIBLE;1;500;INVENTAIRE;;600;STK_DISCREPANCY;X
005;0099;;712;DISPONIBLE;1;500;INVENTAIRE;;600;STK_DISCREPANCY;X
005;9001;;701;DISPONIBLE;1;160;PERTE;COMMERCIAL;260;LOSS_ON_RETURN;X
005;9001;;703;DISPONIBLE;1;160;PERTE;COMMERCIALE;250;STOCK_LOSS;
005;9001;;705;DISPONIBLE;1;160;PERTE;COMMERCIALE;250;STOCK_LOSS;
005;9001;;707;DISPONIBLE;1;160;PERTE;COMMERCIALE;250;STOCK_LOSS;
005;9002;;701;DISPONIBLE;1;170;PERTE;ENTREPOT;250;STOCK_LOSS;X
005;9002;;703;DISPONIBLE;1;170;PERTE;ENTREPOT;250;STOCK_LOSS;
005;9002;;705;DISPONIBLE;1;170;PERTE;ENTREPOT;250;STOCK_LOSS;
005;9002;;707;DISPONIBLE;1;170;PERTE;ENTREPOT;250;STOCK_LOSS;
005;9003;;701;DISPONIBLE;1;160;PERTE;INFORMATIQUE;250;STOCK_LOSS;X
005;9003;;703;DISPONIBLE;1;160;PERTE;INFORMATIQUE;250;STOCK_LOSS;
005;9003;;705;DISPONIBLE;1;160;PERTE;INFORMATIQUE;250;STOCK_LOSS;
005;9003;;707;DISPONIBLE;1;160;PERTE;INFORMATIQUE;250;STOCK_LOSS;
005;9004;;701;DISPONIBLE;1;170;PERTE;LOGISTIQUE PLATEFORME;250;STOCK_LOSS;X
005;9004;;703;DISPONIBLE;1;170;PERTE;LOGISTIQUE PLATEFORME;250;STOCK_LOSS;
005;9004;;705;DISPONIBLE;1;170;PERTE;LOGISTIQUE PLATEFORME;250;STOCK_LOSS;
005;9004;;707;DISPONIBLE;1;170;PERTE;LOGISTIQUE PLATEFORME;250;STOCK_LOSS;
005;9005;;701;DISPONIBLE;1;160;PERTE;QUALITE;250;STOCK_LOSS;X
005;9005;;703;DISPONIBLE;1;160;PERTE;QUALITE;250;STOCK_LOSS;
005;9005;;705;DISPONIBLE;1;160;PERTE;QUALITE;250;STOCK_LOSS;
005;9005;;707;DISPONIBLE;1;160;PERTE;QUALITE;250;STOCK_LOSS;
005;9006;;701;DISPONIBLE;1;170;PERTE;TRANSPORT;250;STOCK_LOSS;X
005;9006;;703;DISPONIBLE;1;170;PERTE;TRANSPORT;250;STOCK_LOSS;
005;9006;;705;DISPONIBLE;1;170;PERTE;TRANSPORT;250;STOCK_LOSS;
005;9006;;707;DISPONIBLE;1;170;PERTE;TRANSPORT;250;STOCK_LOSS;
005;9007;;701;DISPONIBLE;1;111;ACHAT;;250;STOCK_LOSS;X
005;9007;;703;DISPONIBLE;1;160;PERTE;USINE;250;STOCK_LOSS;
005;9007;;705;DISPONIBLE;1;160;PERTE;USINE;250;STOCK_LOSS;
005;9007;;707;DISPONIBLE;1;111;ACHAT;;250;STOCK_LOSS;
005;9008;;701;DISPONIBLE;1;170;PERTE;CORRECTION INTERSITE;250;STOCK_LOSS;X
005;9008;;703;DISPONIBLE;1;170;PERTE;CORRECTION INTERSITE;250;STOCK_LOSS;
005;9008;;705;DISPONIBLE;1;170;PERTE;CORRECTION INTERSITE;250;STOCK_LOSS;
005;9008;;707;DISPONIBLE;1;170;PERTE;CORRECTION INTERSITE;250;STOCK_LOSS;
005;9009;;701;DISPONIBLE;1;170;PERTE;RETOUR CLIENT;260;LOSS_ON_RETURN;X
005;9009;;703;DISPONIBLE;1;170;PERTE;RETOUR CLIENT;260;LOSS_ON_RETURN;
005;9009;;705;DISPONIBLE;1;170;PERTE;RETOUR CLIENT;260;LOSS_ON_RETURN;
005;9009;;707;DISPONIBLE;1;170;PERTE;RETOUR CLIENT;250;STOCK_LOSS;
005;9010;;701;DISPONIBLE;1;170;PERTE;3PL;260;LOSS_ON_RETURN;X
005;9010;;703;DISPONIBLE;1;170;PERTE;3PL;260;LOSS_ON_RETURN;
005;9010;;705;DISPONIBLE;1;170;PERTE;3PL;260;LOSS_ON_RETURN;
005;9010;;707;DISPONIBLE;1;170;PERTE;3PL;260;LOSS_ON_RETURN;
005;9011;;701;DISPONIBLE;1;500;INVENTAIRE;;600;STK_DISCREPANCY;X
005;9011;;703;DISPONIBLE;1;500;INVENTAIRE;;600;STK_DISCREPANCY;
005;9011;;705;DISPONIBLE;1;500;INVENTAIRE;;600;STK_DISCREPANCY;
005;9011;;707;DISPONIBLE;1;500;INVENTAIRE;;600;STK_DISCREPANCY;
005;9012;;701;DISPONIBLE;1;170;PERTE;TRI PRODUIT;250;STOCK_LOSS;X
005;9012;;703;DISPONIBLE;1;170;PERTE;TRI PRODUIT;250;STOCK_LOSS;
005;9012;;705;DISPONIBLE;1;170;PERTE;TRI PRODUIT;250;STOCK_LOSS;
005;9012;;707;DISPONIBLE;1;170;PERTE;TRI PRODUIT;250;STOCK_LOSS;
005;9013;;701;DISPONIBLE;1;172;CHGT CODE ARTICLE;;220;CATEGORY_CHANGE;X
005;9013;;703;DISPONIBLE;1;172;CHGT CODE ARTICLE;;220;CATEGORY_CHANGE;
005;9013;;705;DISPONIBLE;1;172;CHGT CODE ARTICLE;;220;CATEGORY_CHANGE;
005;9013;;707;DISPONIBLE;1;172;CHGT CODE ARTICLE;;220;CATEGORY_CHANGE;
005;9014;;701;DISPONIBLE;1;302;PERTE;AJUSTEMENT PRODUCT.;210;GROSS_PROD;X
005;9014;;703;DISPONIBLE;1;302;PERTE;AJUSTEMENT PRODUCT.;210;GROSS_PROD;
005;9014;;705;DISPONIBLE;1;302;PERTE;AJUSTEMENT PRODUCT.;210;GROSS_PROD;
005;9014;;707;DISPONIBLE;1;302;PERTE;AJUSTEMENT PRODUCT.;210;GROSS_PROD;
005;9014;ZP20;701;DISPONIBLE;1;302;PERTE;AJUSTEMENT PRODUCT.;210;GROSS_PROD;X
005;9014;ZP20;703;DISPONIBLE;1;302;PERTE;AJUSTEMENT PRODUCT.;210;GROSS_PROD;
005;9014;ZP20;705;DISPONIBLE;1;302;PERTE;AJUSTEMENT PRODUCT.;210;GROSS_PROD;
005;9014;ZP20;707;DISPONIBLE;1;302;PERTE;AJUSTEMENT PRODUCT.;210;GROSS_PROD;
005;9015;;701;DISPONIBLE;1;111;ACHAT;;600;STK_DISCREPANCY;X
005;9015;;707;DISPONIBLE;1;111;ACHAT;;600;STK_DISCREPANCY;
006;0000;;561;DISPONIBLE;1;100;INIT;;100;INIT_STK;
006;0000;;562;DISPONIBLE;1;100;INIT;;100;INIT_STK;
010;0000;;301;DISPONIBLE;1;190;INTRASITE;;220;CATEGORY_CHANGE;
010;0000;;302;DISPONIBLE;1;190;INTRASITE;;220;CATEGORY_CHANGE;
010;0000;;303;DISPONIBLE;1;190;INTRASITE;;220;CATEGORY_CHANGE;
010;0000;;304;DISPONIBLE;1;190;INTRASITE;;220;CATEGORY_CHANGE;
010;0000;;309;DISPONIBLE;1;190;INTRASITE;;220;CATEGORY_CHANGE;
010;0000;;311;DISPONIBLE;1;190;INTRASITE;;220;CATEGORY_CHANGE;
010;0000;;312;DISPONIBLE;1;190;INTRASITE;;220;CATEGORY_CHANGE;
010;0000;;313;DISPONIBLE;1;190;INTRASITE;;220;CATEGORY_CHANGE;
010;0000;;314;DISPONIBLE;1;190;INTRASITE;;220;CATEGORY_CHANGE;
010;0000;;321;DISPONIBLE;1;190;INTRASITE;;220;CATEGORY_CHANGE;
010;0000;;322;DISPONIBLE;1;190;INTRASITE;;220;CATEGORY_CHANGE;
010;0000;;323;DISPONIBLE;1;190;INTRASITE;;220;CATEGORY_CHANGE;
010;0000;;325;DISPONIBLE;1;190;INTRASITE;;220;CATEGORY_CHANGE;
010;0000;;326;DISPONIBLE;1;190;INTRASITE;;220;CATEGORY_CHANGE;
010;0000;;343;DISPONIBLE;1;190;INTRASITE;;220;CATEGORY_CHANGE;
010;0000;;344;DISPONIBLE;1;190;INTRASITE;;220;CATEGORY_CHANGE;
010;0000;;349;DISPONIBLE;1;190;INTRASITE;;220;CATEGORY_CHANGE;
010;0000;;350;DISPONIBLE;1;190;INTRASITE;;220;CATEGORY_CHANGE;
010;0001;;344;DISPONIBLE;1;190;INTRASITE;;220;CATEGORY_CHANGE;
100;0000;;201;UTILISATION;2;302;CONSOMMATION;;250;STOCK_LOSS;X
100;0000;;202;UTILISATION;2;302;CONSOMMATION;;900;ZTEC;X
100;0000;;251;UTILISATION;2;211;VENTE;;900;ZTEC;
100;0000;;252;UTILISATION;2;211;VENTE;;900;ZTEC;
100;0000;;453;UTILISATION;2;190;INTRASITE;;220;CATEGORY_CHANGE;
100;0000;;454;UTILISATION;2;190;INTRASITE;;220;CATEGORY_CHANGE;
100;0000;;458;UTILISATION;2;190;INTRASITE;;220;CATEGORY_CHANGE;
100;0000;;459;UTILISATION;2;190;INTRASITE;;220;CATEGORY_CHANGE;
100;0000;;460;UTILISATION;2;190;INTRASITE;;220;CATEGORY_CHANGE;
100;0000;;601;UTILISATION;2;210;VENTE;;510;BRUT_DELIVERY;
100;0000;;602;UTILISATION;2;210;VENTE;;510;BRUT_DELIVERY;
100;0000;;643;UTILISATION;2;210;VENTE;;510;BRUT_DELIVERY;
100;0000;;644;UTILISATION;2;210;VENTE;;510;BRUT_DELIVERY;
100;0000;;687;UTILISATION;2;401;VENTE;;510;BRUT_DELIVERY;
100;0000;;Y61;UTILISATION;2;304;CONSOMMATION;;900;ZTEC;X
100;0000;;Y62;UTILISATION;2;304;CONSOMMATION;;900;ZTEC;X
100;0000;ZP01;261;UTILISATION;2;301;CONSOMMATION;;900;ZTEC;
100;0000;ZP01;262;UTILISATION;2;301;CONSOMMATION;;900;ZTEC;
100;0000;ZP05;261;UTILISATION;2;301;CONSOMMATION;;400;N_INT_TRANSF_OUT;
100;0000;ZP05;262;UTILISATION;2;301;CONSOMMATION;;400;N_INT_TRANSF_OUT;
100;0000;ZP10;261;UTILISATION;2;301;CONSOMMATION;;900;ZTEC;
100;0000;ZP10;262;UTILISATION;2;301;CONSOMMATION;;900;ZTEC;
100;0000;ZP15;261;UTILISATION;2;301;CONSOMMATION;;900;ZTEC;
100;0000;ZP15;262;UTILISATION;2;301;CONSOMMATION;;900;ZTEC;
100;0000;ZP20;261;UTILISATION;2;301;CONSOMMATION;;400;N_INT_TRANSF_OUT;
100;0000;ZP20;262;UTILISATION;2;301;CONSOMMATION;;400;N_INT_TRANSF_OUT;
100;0000;ZP25;261;UTILISATION;2;301;CONSOMMATION;;900;ZTEC;
100;0000;ZP25;262;UTILISATION;2;301;CONSOMMATION;;900;ZTEC;
100;0000;ZP30;261;UTILISATION;2;301;CONSOMMATION;;900;ZTEC;
100;0000;ZP30;262;UTILISATION;2;301;CONSOMMATION;;900;ZTEC;
100;0000;ZP31;261;UTILISATION;2;301;CONSOMMATION;;900;ZTEC;
100;0000;ZP31;262;UTILISATION;2;301;CONSOMMATION;;900;ZTEC;
100;0000;ZP35;261;UTILISATION;2;301;CONSOMMATION;;250;STOCK_LOSS;
100;0000;ZP35;262;UTILISATION;2;301;CONSOMMATION;;250;STOCK_LOSS;
100;0000;ZP36;261;UTILISATION;2;301;CONSOMMATION;;220;CATEGORY_CHANGE;
100;0000;ZP36;262;UTILISATION;2;301;CONSOMMATION;;220;CATEGORY_CHANGE;
100;0000;ZP40;261;UTILISATION;2;301;CONSOMMATION;;220;CATEGORY_CHANGE;
100;0000;ZP40;262;UTILISATION;2;301;CONSOMMATION;;220;CATEGORY_CHANGE;
100;0000;ZP45;261;UTILISATION;2;301;CONSOMMATION;;900;ZTEC;
100;0000;ZP45;262;UTILISATION;2;301;CONSOMMATION;;900;ZTEC;
100;0000;ZP50;261;UTILISATION;2;301;CONSOMMATION;;900;ZTEC;
100;0000;ZP50;262;UTILISATION;2;301;CONSOMMATION;;900;ZTEC;
100;0000;ZP55;261;UTILISATION;2;300;COPACKING;;900;ZTEC;
100;0000;ZP55;262;UTILISATION;2;300;COPACKING;;900;ZTEC;
101;0000;;102;DISPONIBLE;1;110;ACHAT;;300;EXTERNAL_PURCH;
101;0000;;161;UTILISATION;2;120;ACHAT;;300;EXTERNAL_PURCH;
101;0000;;162;UTILISATION;2;120;ACHAT;;300;EXTERNAL_PURCH;
101;0000;;201;UTILISATION;2;302;CONSOMMATION;;900;ZTEC;X
101;0000;;202;UTILISATION;2;302;CONSOMMATION;;900;ZTEC;X
101;0000;;541;UTILISATION;2;420;SOUS-TRAITANCE;;900;ZTEC;
101;0000;;542;UTILISATION;2;420;SOUS-TRAITANCE;;900;ZTEC;
101;0000;;543;UTILISATION;2;430;SOUS-TRAITANCE;;900;ZTEC;
101;0000;;544;UTILISATION;2;430;SOUS-TRAITANCE;;900;ZTEC;
101;0000;DEST;541;UTILISATION;2;400;DESTRUCTION;;220;CATEGORY_CHANGE;
101;0000;DEST;542;UTILISATION;2;400;DESTRUCTION;;220;CATEGORY_CHANGE;
101;0000;DEST;543;UTILISATION;2;410;DESTRUCTION;;250;STOCK_LOSS;X
101;0000;DEST;544;UTILISATION;2;410;DESTRUCTION;;250;STOCK_LOSS;X
101;0000;DUA;161;UTILISATION;2;120;ACHAT;;300;EXTERNAL_PURCH;
101;0000;DUA;162;UTILISATION;2;120;ACHAT;;300;EXTERNAL_PURCH;
101;9101;;161;UTILISATION;2;120;ACHAT;;300;EXTERNAL_PURCH;
101;9101;DUA;161;UTILISATION;2;120;ACHAT;;300;EXTERNAL_PURCH;
101;9102;;161;UTILISATION;2;120;ACHAT;;300;EXTERNAL_PURCH;
101;9102;DUA;161;UTILISATION;2;120;ACHAT;;300;EXTERNAL_PURCH;
101;9103;;161;UTILISATION;2;120;ACHAT;;300;EXTERNAL_PURCH;
101;9103;DUA;161;UTILISATION;2;120;ACHAT;;300;EXTERNAL_PURCH;
101;9104;;161;UTILISATION;2;120;ACHAT;;300;EXTERNAL_PURCH;
101;9104;DUA;161;UTILISATION;2;120;ACHAT;;300;EXTERNAL_PURCH;
101;9105;;161;UTILISATION;2;120;ACHAT;;300;EXTERNAL_PURCH;
101;9105;DUA;161;UTILISATION;2;120;ACHAT;;300;EXTERNAL_PURCH;
104;0000;;309;UTILISATION;2;190;INTRASITE;;220;CATEGORY_CHANGE;
104;0000;;310;UTILISATION;2;190;INTRASITE;;220;CATEGORY_CHANGE;
105;0000;;702;UTILISATION;2;500;INVENTAIRE;;600;STK_DISCREPANCY;X
105;0000;;711;UTILISATION;2;500;INVENTAIRE;;600;STK_DISCREPANCY;X
105;0099;;711;UTILISATION;2;500;INVENTAIRE;;600;STK_DISCREPANCY;X
105;9001;;702;UTILISATION;2;160;PERTE;COMMERCIALE;250;STOCK_LOSS;X
105;9001;;704;UTILISATION;2;160;PERTE;COMMERCIALE;250;STOCK_LOSS;
105;9001;;706;UTILISATION;2;160;PERTE;COMMERCIALE;250;STOCK_LOSS;
105;9001;;708;UTILISATION;2;160;PERTE;COMMERCIALE;250;STOCK_LOSS;
105;9002;;702;UTILISATION;2;170;PERTE;ENTREPOT;250;STOCK_LOSS;X
105;9002;;704;UTILISATION;2;170;PERTE;ENTREPOT;250;STOCK_LOSS;
105;9002;;706;UTILISATION;2;170;PERTE;ENTREPOT;250;STOCK_LOSS;
105;9002;;708;UTILISATION;2;170;PERTE;ENTREPOT;250;STOCK_LOSS;
105;9003;;702;UTILISATION;2;160;PERTE;INFORMATIQUE;250;STOCK_LOSS;X
105;9003;;704;UTILISATION;2;160;PERTE;INFORMATIQUE;250;STOCK_LOSS;
105;9003;;706;UTILISATION;2;160;PERTE;INFORMATIQUE;250;STOCK_LOSS;
105;9003;;708;UTILISATION;2;160;PERTE;INFORMATIQUE;250;STOCK_LOSS;
105;9004;;702;UTILISATION;2;170;PERTE;LOGISTIQUE PLATEFORME;250;STOCK_LOSS;X
105;9004;;704;UTILISATION;2;170;PERTE;LOGISTIQUE PLATEFORME;250;STOCK_LOSS;
105;9004;;706;UTILISATION;2;170;PERTE;LOGISTIQUE PLATEFORME;250;STOCK_LOSS;
105;9004;;708;UTILISATION;2;170;PERTE;LOGISTIQUE PLATEFORME;250;STOCK_LOSS;
105;9005;;702;UTILISATION;2;160;PERTE;QUALITE;250;STOCK_LOSS;X
105;9005;;704;UTILISATION;2;160;PERTE;QUALITE;250;STOCK_LOSS;
105;9005;;706;UTILISATION;2;160;PERTE;QUALITE;250;STOCK_LOSS;
105;9005;;708;UTILISATION;2;160;PERTE;QUALITE;250;STOCK_LOSS;
105;9006;;702;UTILISATION;2;170;PERTE;TRANSPORT;250;STOCK_LOSS;X
105;9006;;704;UTILISATION;2;170;PERTE;TRANSPORT;250;STOCK_LOSS;
105;9006;;706;UTILISATION;2;170;PERTE;TRANSPORT;250;STOCK_LOSS;
105;9006;;708;UTILISATION;2;170;PERTE;TRANSPORT;250;STOCK_LOSS;
105;9007;;702;UTILISATION;2;111;ACHAT;;250;STOCK_LOSS;X
105;9007;;704;UTILISATION;2;160;PERTE;USINE;250;STOCK_LOSS;
105;9007;;706;UTILISATION;2;160;PERTE;USINE;250;STOCK_LOSS;
105;9007;;708;UTILISATION;2;111;ACHAT;;250;STOCK_LOSS;
105;9008;;702;UTILISATION;2;170;PERTE;CORRECTION INTERSITE;250;STOCK_LOSS;X
105;9008;;704;UTILISATION;2;170;PERTE;CORRECTION INTERSITE;250;STOCK_LOSS;
105;9008;;706;UTILISATION;2;170;PERTE;CORRECTION INTERSITE;250;STOCK_LOSS;
105;9008;;708;UTILISATION;2;170;PERTE;CORRECTION INTERSITE;250;STOCK_LOSS;
105;9009;;702;UTILISATION;2;170;PERTE;RETOUR CLIENT;260;LOSS_ON_RETURN;X
105;9009;;704;UTILISATION;2;170;PERTE;RETOUR CLIENT;260;LOSS_ON_RETURN;
105;9009;;706;UTILISATION;2;170;PERTE;RETOUR CLIENT;260;LOSS_ON_RETURN;
105;9009;;708;UTILISATION;2;170;PERTE;RETOUR CLIENT;260;LOSS_ON_RETURN;
105;9010;;702;UTILISATION;2;170;PERTE;3PL;260;LOSS_ON_RETURN;X
105;9010;;704;UTILISATION;2;170;PERTE;3PL;260;LOSS_ON_RETURN;
105;9010;;706;UTILISATION;2;170;PERTE;3PL;260;LOSS_ON_RETURN;
105;9010;;708;UTILISATION;2;170;PERTE;3PL;260;LOSS_ON_RETURN;
105;9011;;702;UTILISATION;2;500;INVENTAIRE;;600;STK_DISCREPANCY;X
105;9011;;704;UTILISATION;2;500;INVENTAIRE;;600;STK_DISCREPANCY;
105;9011;;706;UTILISATION;2;500;INVENTAIRE;;600;STK_DISCREPANCY;
105;9011;;708;UTILISATION;2;500;INVENTAIRE;;600;STK_DISCREPANCY;
105;9012;;702;UTILISATION;2;170;PERTE;TRI PRODUIT;250;STOCK_LOSS;X
105;9012;;704;UTILISATION;2;170;PERTE;TRI PRODUIT;250;STOCK_LOSS;
105;9012;;706;UTILISATION;2;170;PERTE;TRI PRODUIT;250;STOCK_LOSS;
105;9012;;708;UTILISATION;2;170;PERTE;TRI PRODUIT;250;STOCK_LOSS;
105;9013;;702;UTILISATION;2;172;CHGT CODE ARTICLE;;220;CATEGORY_CHANGE;X
105;9013;;704;UTILISATION;2;172;CHGT CODE ARTICLE;;220;CATEGORY_CHANGE;
105;9013;;706;UTILISATION;2;172;CHGT CODE ARTICLE;;220;CATEGORY_CHANGE;
105;9013;;708;UTILISATION;2;172;CHGT CODE ARTICLE;;220;CATEGORY_CHANGE;
105;9014;;702;UTILISATION;2;302;PERTE;AJUSTEMENT PRODUCT.;210;GROSS_PROD;X
105;9014;;704;UTILISATION;2;302;PERTE;AJUSTEMENT PRODUCT.;210;GROSS_PROD;
105;9014;;706;UTILISATION;2;302;PERTE;AJUSTEMENT PRODUCT.;210;GROSS_PROD;
105;9014;;708;UTILISATION;2;302;PERTE;AJUSTEMENT PRODUCT.;210;GROSS_PROD;
105;9014;ZP20;702;UTILISATION;2;302;PERTE;AJUSTEMENT PRODUCT.;210;GROSS_PROD;X
105;9014;ZP20;704;UTILISATION;2;302;PERTE;AJUSTEMENT PRODUCT.;210;GROSS_PROD;
105;9014;ZP20;706;UTILISATION;2;302;PERTE;AJUSTEMENT PRODUCT.;210;GROSS_PROD;
105;9014;ZP20;708;UTILISATION;2;302;PERTE;AJUSTEMENT PRODUCT.;210;GROSS_PROD;
105;9015;;702;UTILISATION;2;111;ACHAT;;600;STK_DISCREPANCY;X
105;9015;;708;UTILISATION;2;111;ACHAT;;600;STK_DISCREPANCY;
106;0000;;551;UTILISATION;2;171;PERTE;;900;ZTEC;X
106;0000;;552;UTILISATION;2;171;PERTE;;900;ZTEC;X
106;0000;;555;UTILISATION;2;171;PERTE;;900;ZTEC;
106;0000;;561;DISPONIBLE;1;100;INIT;;100;INIT_STK;
106;0000;;562;DISPONIBLE;1;100;INIT;;100;INIT_STK;
106;9200;;551;UTILISATION;2;171;PERTE;;250;N_STOCK_LOSS;X
106;9201;;551;UTILISATION;2;171;PERTE;;250;N_STOCK_LOSS;X
106;9202;;551;UTILISATION;2;171;PERTE;;250;N_STOCK_LOSS;X
106;9203;;551;UTILISATION;2;171;PERTE;;250;N_STOCK_LOSS;X
106;9204;;551;UTILISATION;2;171;PERTE;;250;N_STOCK_LOSS;X
106;9205;;551;UTILISATION;2;171;PERTE;;250;N_STOCK_LOSS;X
106;9206;;551;UTILISATION;2;171;PERTE;;250;N_STOCK_LOSS;X
106;9207;;551;UTILISATION;2;171;PERTE;;250;N_STOCK_LOSS;X
106;9208;;551;UTILISATION;2;171;PERTE;;250;N_STOCK_LOSS;X
106;9209;;551;UTILISATION;2;171;PERTE;;250;N_STOCK_LOSS;X
106;9210;;551;UTILISATION;2;171;PERTE;;250;N_STOCK_LOSS;X
106;9211;;551;UTILISATION;2;171;PERTE;;250;N_STOCK_LOSS;X
106;9212;;551;UTILISATION;2;171;PERTE;;250;N_STOCK_LOSS;X
106;9213;;551;UTILISATION;2;171;PERTE;;250;N_STOCK_LOSS;X
106;9214;;551;UTILISATION;2;171;PERTE;;250;N_STOCK_LOSS;X
106;9215;;551;UTILISATION;2;171;PERTE;;250;N_STOCK_LOSS;X
106;9216;;551;UTILISATION;2;171;PERTE;;250;N_STOCK_LOSS;X
106;9217;;551;UTILISATION;2;171;PERTE;;250;N_STOCK_LOSS;X
106;9218;;551;UTILISATION;2;171;PERTE;;250;N_STOCK_LOSS;X
106;9219;;551;UTILISATION;2;171;PERTE;;250;N_STOCK_LOSS;X
106;9220;;551;UTILISATION;2;171;PERTE;;250;N_STOCK_LOSS;X
110;0000;;301;UTILISATION;2;190;INTRASITE;;220;CATEGORY_CHANGE;
110;0000;;302;UTILISATION;2;190;INTRASITE;;220;CATEGORY_CHANGE;
110;0000;;303;UTILISATION;2;190;INTRASITE;;220;CATEGORY_CHANGE;
110;0000;;304;UTILISATION;2;190;INTRASITE;;220;CATEGORY_CHANGE;
110;0000;;309;UTILISATION;2;190;INTRASITE;;220;CATEGORY_CHANGE;
110;0000;;311;UTILISATION;2;190;INTRASITE;;220;CATEGORY_CHANGE;
110;0000;;312;UTILISATION;2;190;INTRASITE;;220;CATEGORY_CHANGE;
110;0000;;313;UTILISATION;2;190;INTRASITE;;220;CATEGORY_CHANGE;
110;0000;;314;UTILISATION;2;190;INTRASITE;;220;CATEGORY_CHANGE;
110;0000;;321;UTILISATION;2;190;INTRASITE;;220;CATEGORY_CHANGE;
110;0000;;322;UTILISATION;2;190;INTRASITE;;220;CATEGORY_CHANGE;
110;0000;;323;UTILISATION;2;190;INTRASITE;;220;CATEGORY_CHANGE;
110;0000;;325;UTILISATION;2;190;INTRASITE;;220;CATEGORY_CHANGE;
110;0000;;326;UTILISATION;2;190;INTRASITE;;220;CATEGORY_CHANGE;
110;0000;;343;UTILISATION;2;190;INTRASITE;;220;CATEGORY_CHANGE;
110;0000;;344;UTILISATION;2;190;INTRASITE;;220;CATEGORY_CHANGE;
110;0000;;349;UTILISATION;2;190;INTRASITE;;220;CATEGORY_CHANGE;
110;0000;;350;UTILISATION;2;190;INTRASITE;;220;CATEGORY_CHANGE;
110;0001;;344;UTILISATION;2;190;INTRASITE;;220;CATEGORY_CHANGE;
